file,latitude,longitude,creation_time,duration_s,width,height,size_mb
IMG_20260622_053900.mov,,,2026-06-22T16:20:10.000000Z,28.52,1920,1080,53.8
IMG_20260622_054500.mov,,,2026-06-22T16:20:00.000000Z,24.28,1920,1080,46.2
IMG_20260622_062400.mov,,,2026-06-22T16:19:49.000000Z,26.11,1920,1080,50.2
IMG_20260622_062700.mov,,,2026-06-22T16:19:38.000000Z,24.84,1920,1080,47.4
IMG_20260622_070700.mov,,,2026-06-22T16:19:28.000000Z,25.88,1920,1080,49.4
IMG_20260622_071600.mov,,,2026-06-22T16:19:17.000000Z,24.08,1920,1080,46.2
IMG_20260622_072300.mov,,,2026-06-22T16:19:05.000000Z,23.98,1920,1080,45.9
IMG_20260622_073600.mov,,,2026-06-22T16:18:59.000000Z,29.88,1920,1080,57.1
TC_20260708_174500.mov,20.99304,105.94298,2026-07-08T10:45:37.000000Z,21.23,1280,720,19.0
TC_20260708_174900.mov,20.99335,105.94203,2026-07-08T10:49:21.000000Z,21.4,1280,720,19.2
TC_20260708_175300.mov,20.99401,105.94132,2026-07-08T10:52:44.000000Z,20.18,1280,720,18.3
TC_20260708_175500.mov,20.99477,105.94062,2026-07-08T10:55:54.000000Z,18.79,1280,720,16.9
TC_20260708_175800.mov,20.99508,105.93989,2026-07-08T10:58:50.000000Z,20.2,1280,720,18.2
TC_20260708_180100.mov,20.99531,105.93913,2026-07-08T11:01:26.000000Z,18.99,1280,720,17.1
TC_20260708_180500.mov,20.99579,105.93835,2026-07-08T11:05:39.000000Z,20.48,1280,720,18.4
TC_20260708_180800.mov,20.99605,105.93792,2026-07-08T11:08:03.000000Z,23.15,1280,720,20.9
TC_20260708_181000.mov,20.99664,105.93738,2026-07-08T11:10:41.000000Z,22.52,1280,720,20.2
TC_20260708_181300.mov,20.99616,105.93709,2026-07-08T11:13:47.000000Z,25.94,1280,720,23.4
TC_20260708_181600.mov,20.99606,105.93766,2026-07-08T11:16:15.000000Z,30.13,1280,720,27.1
TC_20260708_181900.mov,20.99551,105.93856,2026-07-08T11:19:07.000000Z,24.54,1280,720,22.1
TC_20260708_182200.mov,20.995,105.93937,2026-07-08T11:22:13.000000Z,34.91,1280,720,31.3
TC_20260708_182500.mov,20.99444,105.94065,2026-07-08T11:25:54.000000Z,27.21,1280,720,24.6
TC_20260708_182800.mov,20.99395,105.94133,2026-07-08T11:28:40.000000Z,32.85,1280,720,29.7
TC_20260708_183100.mov,20.99357,105.94203,2026-07-08T11:31:45.000000Z,30.44,1280,720,27.4
TC_20260713_072300.mov,20.99167,105.94527,2026-07-13T00:23:34.000000Z,23.94,1280,720,21.5
TC_20260713_072600.mov,20.99135,105.9458,2026-07-13T00:26:46.000000Z,29.45,1280,720,26.5
TC_20260713_073000.mov,20.99125,105.94623,2026-07-13T00:30:14.000000Z,23.68,1280,720,21.4
TC_20260713_073300.mov,20.99185,105.9453,2026-07-13T00:33:23.000000Z,20.99,1280,720,19.0
TC_20260713_073600.mov,20.99246,105.94432,2026-07-13T00:36:33.000000Z,32.43,1280,720,29.1
TC_20260713_074000.mov,20.99325,105.94337,2026-07-13T00:40:00.000000Z,20.5,1280,720,18.6
TC_20260713_074300.mov,20.99318,105.94283,2026-07-13T00:43:08.000000Z,24.98,1280,720,22.5
TC_20260713_074600.mov,20.9934,105.94183,2026-07-13T00:46:02.000000Z,22.49,1280,720,20.4
TC_20260713_074800.mov,20.99418,105.94119,2026-07-13T00:48:39.000000Z,23.0,1280,720,20.8
TC_20260713_075100.mov,20.99466,105.94035,2026-07-13T00:51:34.000000Z,26.03,1280,720,23.7
TC_20260713_075400.mov,20.99509,105.93977,2026-07-13T00:54:10.000000Z,27.95,1280,720,25.3
TC_20260713_075600.mov,20.99544,105.9391,2026-07-13T00:56:57.000000Z,25.9,1280,720,23.5
TC_20260713_075900.mov,20.99593,105.93828,2026-07-13T00:59:42.000000Z,25.19,1280,720,22.7
TC_20260713_080200.mov,20.99612,105.93781,2026-07-13T01:02:08.000000Z,23.85,1280,720,21.5
TC_20260713_080400.mov,20.99679,105.93717,2026-07-13T01:04:31.000000Z,27.5,1280,720,24.8
TC_20260713_080700.mov,20.99549,105.93853,2026-07-13T01:10:58.000000Z,22.49,1280,720,20.3
TC_20260713_081000.mov,20.99627,105.93748,2026-07-13T01:07:30.000000Z,16.94,1280,720,15.4
TC_20260713_081300.mov,20.99499,105.9394,2026-07-13T01:13:52.000000Z,43.37,1280,720,39.1
TC_20260713_081700.mov,20.99436,105.94074,2026-07-13T01:17:17.000000Z,21.67,1280,720,19.5
TC_20260713_082000.mov,20.99387,105.94139,2026-07-13T01:20:12.000000Z,22.59,1280,720,20.5
TC_20260713_165800.mov,20.99351,105.86747,2026-07-13T09:58:43.000000Z,26.26,1280,720,23.8
TC_20260713_170100.mov,20.99412,105.86765,2026-07-13T10:01:09.000000Z,29.8,1280,720,26.8
TC_20260713_170300.mov,20.995,105.86764,2026-07-13T10:03:29.000000Z,23.1,1280,720,20.9
TC_20260713_170500.mov,20.9954,105.86768,2026-07-13T10:05:58.000000Z,23.49,1280,720,21.2
TC_20260713_170800.mov,20.99593,105.86738,2026-07-13T10:08:27.000000Z,22.72,1280,720,20.5
TC_20260713_171000.mov,20.99657,105.86771,2026-07-13T10:10:50.000000Z,24.53,1280,720,22.2
TC_20260713_171300.mov,20.99679,105.86801,2026-07-13T10:13:25.000000Z,26.09,1280,720,23.7
TC_20260713_171600.mov,20.99695,105.86871,2026-07-13T10:16:03.000000Z,25.47,1280,720,22.8
TC_20260713_171800.mov,20.99637,105.86905,2026-07-13T10:18:40.000000Z,27.41,1280,720,24.8
TC_20260713_172100.mov,20.99564,105.86897,2026-07-13T10:21:33.000000Z,24.26,1280,720,21.9
TC_20260713_172400.mov,20.99494,105.86914,2026-07-13T10:24:51.000000Z,31.17,1280,720,28.2
TC_20260713_172800.mov,20.99372,105.86908,2026-07-13T10:28:24.000000Z,26.05,1280,720,23.7
TC_20260713_173100.mov,20.99271,105.86884,2026-07-13T10:31:16.000000Z,22.67,1280,720,20.5
TC_20260713_173500.mov,20.99379,105.86754,2026-07-13T10:35:49.000000Z,22.38,1280,720,20.1
TC_20260713_173800.mov,20.99447,105.86746,2026-07-13T10:38:03.000000Z,23.4,1280,720,21.1
TC_20260713_174000.mov,20.99513,105.86741,2026-07-13T10:40:00.000000Z,30.29,1280,720,27.3
TC_20260713_174200.mov,20.99581,105.86744,2026-07-13T10:42:27.000000Z,27.07,1280,720,24.4
TC_20260713_174400.mov,20.99648,105.86743,2026-07-13T10:44:46.000000Z,28.46,1280,720,25.7
TC_20260713_174700.mov,20.99689,105.86687,2026-07-13T10:47:32.000000Z,30.53,1280,720,27.5
TC_20260713_174900.mov,20.99696,105.86644,2026-07-13T10:49:57.000000Z,37.35,1280,720,33.7
TC_20260713_175300.mov,20.99708,105.86743,2026-07-13T10:53:30.000000Z,24.25,1280,720,21.7
TC_20260713_175500.mov,20.99751,105.86743,2026-07-13T10:55:37.000000Z,34.91,1280,720,31.4
TC_20260714_171500.mov,21.03104,105.85344,2026-07-14T10:15:07.000000Z,22.63,1280,720,20.6
TC_20260714_171700.mov,21.03143,105.85327,2026-07-14T10:17:12.000000Z,25.54,1280,720,23.0
TC_20260714_172000.mov,21.03187,105.85166,2026-07-14T10:20:50.000000Z,25.73,1280,720,23.0
TC_20260714_172300.mov,21.03122,105.85093,2026-07-14T10:23:19.000000Z,38.28,1280,720,34.3
TC_20260714_172600.mov,21.03022,105.8512,2026-07-14T10:26:24.000000Z,41.79,1280,720,37.7
TC_20260714_172900.mov,21.02936,105.85138,2026-07-14T10:29:25.000000Z,30.67,1280,720,27.5
TC_20260714_173200.mov,21.02848,105.85135,2026-07-14T10:32:10.000000Z,24.09,1280,720,21.5
TC_20260714_173300.mov,21.02794,105.85121,2026-07-14T10:33:54.000000Z,29.61,1280,720,26.7
TC_20260714_173700.mov,21.027,105.85138,2026-07-14T10:37:42.000000Z,30.68,1280,720,27.8
TC_20260714_174000.mov,21.02607,105.85133,2026-07-14T10:40:48.000000Z,28.5,1280,720,25.7
TC_20260714_174300.mov,21.02596,105.85205,2026-07-14T10:43:33.000000Z,23.27,1280,720,21.0
TC_20260714_174700.mov,21.02602,105.85323,2026-07-14T10:47:01.000000Z,26.56,1280,720,23.9
TC_20260714_174900.mov,21.02694,105.85344,2026-07-14T10:49:43.000000Z,35.3,1280,720,31.7
TC_20260714_175200.mov,21.02752,105.85349,2026-07-14T10:52:24.000000Z,29.21,1280,720,26.3
TC_20260714_175400.mov,21.02804,105.85359,2026-07-14T10:54:37.000000Z,22.99,1280,720,20.7
TC_20260714_175600.mov,21.02847,105.85363,2026-07-14T10:56:57.000000Z,21.72,1280,720,19.7
TC_20260714_175800.mov,21.02889,105.85372,2026-07-14T10:58:40.000000Z,20.44,1280,720,18.5
TC_20260714_180000.mov,21.02945,105.85381,2026-07-14T11:00:28.000000Z,28.81,1280,720,25.9
TC_20260714_180200.mov,21.02993,105.85379,2026-07-14T11:02:04.000000Z,25.62,1280,720,23.1
TC_20260714_180400.mov,21.03028,105.85381,2026-07-14T11:04:01.000000Z,24.36,1280,720,22.0
TC_20260721_080300.mov,20.99723,105.86775,2026-07-21T01:03:41.000000Z,20.5,1280,720,18.4
TC_20260721_080500.mov,20.9969,105.86793,2026-07-21T01:05:59.000000Z,20.52,1280,720,18.5
TC_20260721_080800.mov,20.99682,105.86876,2026-07-21T01:08:42.000000Z,20.74,1280,720,18.7
TC_20260721_081100.mov,20.99682,105.86876,2026-07-21T01:11:09.000000Z,21.95,1280,720,19.8
TC_20260721_081300.mov,20.99619,105.86916,2026-07-21T01:13:26.000000Z,23.81,1280,720,21.5
TC_20260721_081500.mov,20.99566,105.86902,2026-07-21T01:15:40.000000Z,23.27,1280,720,21.2
TC_20260721_081700.mov,20.9946,105.86904,2026-07-21T01:17:56.000000Z,22.19,1280,720,20.1
TC_20260721_082000.mov,20.99382,105.86902,2026-07-21T01:20:24.000000Z,21.85,1280,720,19.7
TC_20260721_082200.mov,20.99291,105.86896,2026-07-21T01:22:34.000000Z,22.63,1280,720,20.5
TC_20260721_082600.mov,20.99361,105.86748,2026-07-21T01:26:27.000000Z,20.2,1280,720,18.1
TC_20260721_082800.mov,20.99435,105.86742,2026-07-21T01:28:39.000000Z,29.49,1280,720,26.5
TC_20260721_083000.mov,20.99506,105.86744,2026-07-21T01:30:39.000000Z,23.67,1280,720,21.3
TC_20260721_083200.mov,20.99526,105.86742,2026-07-21T01:32:32.000000Z,28.95,1280,720,26.1
TC_20260721_083400.mov,20.996,105.86744,2026-07-21T01:34:49.000000Z,24.11,1280,720,21.8
TC_20260721_083600.mov,20.9965,105.86744,2026-07-21T01:39:28.000000Z,24.17,1280,720,21.9
TC_20260721_084000.mov,20.99702,105.86689,2026-07-21T01:40:20.000000Z,24.15,1280,720,21.8
TC_20260721_084200.mov,20.99696,105.8664,2026-07-21T01:42:36.000000Z,20.51,1280,720,18.5
TC_20260721_084500.mov,20.99693,105.86746,2026-07-21T01:45:12.000000Z,21.38,1280,720,19.4
TC_20260721_084700.mov,20.99741,105.8674,2026-07-21T01:47:18.000000Z,21.99,1280,720,19.7
TC_20260721_085000.mov,20.9968,105.86791,2026-07-21T01:50:56.000000Z,27.71,1280,720,24.9
TC_20260722_065800.mov,21.03096,105.85353,2026-07-21T23:58:07.000000Z,20.39,1280,720,18.6
TC_20260722_070000.mov,21.03144,105.85316,2026-07-22T00:00:21.000000Z,22.23,1280,720,20.1
TC_20260722_070200.mov,21.03168,105.85276,2026-07-22T00:02:12.000000Z,20.57,1280,720,18.7
TC_20260722_070400.mov,21.03182,105.85181,2026-07-22T00:04:29.000000Z,25.26,1280,720,22.6
TC_20260722_070600.mov,21.03159,105.85133,2026-07-22T00:06:33.000000Z,21.1,1280,720,19.1
TC_20260722_070800.mov,21.0312,105.85086,2026-07-22T00:08:19.000000Z,27.73,1280,720,25.1
TC_20260722_071000.mov,21.03069,105.851,2026-07-22T00:10:18.000000Z,20.35,1280,720,18.3
TC_20260722_071200.mov,21.03009,105.85119,2026-07-22T00:12:01.000000Z,22.14,1280,720,20.0
TC_20260722_071400.mov,21.02962,105.85134,2026-07-22T00:14:06.000000Z,21.55,1280,720,19.6
TC_20260722_071500.mov,21.02889,105.85146,2026-07-22T00:15:52.000000Z,32.34,1280,720,29.3
TC_20260722_071800.mov,21.02843,105.85137,2026-07-22T00:18:20.000000Z,24.94,1280,720,22.5
TC_20260722_072000.mov,21.02772,105.85115,2026-07-22T00:20:52.000000Z,21.63,1280,720,19.5
TC_20260722_072200.mov,21.02693,105.8514,2026-07-22T00:22:41.000000Z,21.76,1280,720,19.5
TC_20260722_072400.mov,21.02646,105.85156,2026-07-22T00:24:32.000000Z,24.41,1280,720,22.1
TC_20260722_072700.mov,21.02598,105.85192,2026-07-22T00:27:20.000000Z,30.74,1280,720,27.9
TC_20260722_073000.mov,21.02602,105.85327,2026-07-22T00:30:51.000000Z,24.96,1280,720,22.5
TC_20260722_073200.mov,21.02669,105.85341,2026-07-22T00:32:59.000000Z,23.72,1280,720,21.4
TC_20260722_073500.mov,21.02758,105.85352,2026-07-22T00:35:13.000000Z,23.87,1280,720,21.6
TC_20260722_073700.mov,21.02849,105.85368,2026-07-22T00:37:22.000000Z,20.39,1280,720,18.5
TC_20260722_073900.mov,21.02923,105.85379,2026-07-22T00:39:20.000000Z,28.16,1280,720,25.5
VID_20260617_192430.mp4,,,2026-06-17T12:25:17.000000Z,24.91,3840,2160,195.3
VID_20260617_193021.mp4,,,2026-06-17T12:31:29.000000Z,24.39,3840,2160,190.3
VID_20260617_193622.mp4,,,2026-06-17T12:37:18.000000Z,23.32,3840,2160,180.9
VID_20260617_194051.mp4,,,2026-06-17T12:42:49.000000Z,23.6,3840,2160,184.4
VID_20260617_194652.mp4,,,2026-06-17T12:47:16.000000Z,19.66,3840,2160,129.4
VID_20260617_195030.mp4,,,2026-06-17T12:51:05.000000Z,25.95,3840,2160,185.6
VID_20260617_195323.mp4,,,2026-06-17T12:54:27.000000Z,28.52,3840,2160,222.9
VID_20260617_195427.mp4,,,2026-06-17T12:56:22.000000Z,19.41,3840,2160,151.4
VID_20260617_195622.mp4,,,2026-06-17T12:58:38.000000Z,16.61,3840,2160,115.4
VID_20260618_170907.mp4,,,2026-06-18T10:10:03.000000Z,21.26,3840,2160,165.8
VID_20260618_171531.mp4,,,2026-06-18T10:16:20.000000Z,24.62,3840,2160,169.2
VID_20260618_172247.mp4,,,2026-06-18T10:23:40.000000Z,24.83,3840,2160,180.0
VID_20260618_172508.mp4,,,2026-06-18T10:26:34.000000Z,20.59,3840,2160,128.7
VID_20260618_172933.mp4,,,2026-06-18T10:30:38.000000Z,18.79,3840,2160,119.0
VID_20260618_173244.mp4,,,2026-06-18T10:33:34.000000Z,16.06,3840,2160,102.0
VID_20260618_173548.mp4,,,2026-06-18T10:36:37.000000Z,28.72,3840,2160,183.6
VID_20260618_174035.mp4,,,2026-06-18T10:41:31.000000Z,26.04,3840,2160,164.3
VID_20260618_174346.mp4,,,2026-06-18T10:44:40.000000Z,24.29,3840,2160,154.9
VID_20260618_175135.mp4,,,2026-06-18T10:52:23.000000Z,17.57,3840,2160,112.9
VID_20260618_180015.mp4,,,2026-06-18T11:00:54.000000Z,18.26,3840,2160,115.9
VID_20260618_180430.mp4,,,2026-06-18T11:05:19.000000Z,21.99,3840,2160,137.7
