latitude,longitude,noise_dB,timestamp,class,site,hour,is_weekend,temperature_2m,wind_speed_10m,precipitation,dist_to_road,count_motorbikes,count_cars,count_heavy,count_ev,construction_nearby,dist_to_source_m
20.9922001,105.9442618,75.0,2026-06-10 14:33:42.770,Transportation noise,Ocean Park,14,0,30.7,6.1,0.0,0-10 m,,,,,no,
20.9931116,105.9431169,70.0,2026-06-10 21:38:50.850,Transportation noise,Ocean Park,21,0,26.8,2.3,0.0,10-30 m,,,,,no,
20.9925363,105.9434721,65.0,2026-06-11 10:53:59.687,Transportation noise,Ocean Park,10,0,28.6,2.7,0.1,10-30 m,,,,,no,
20.9916639,105.945105,70.0,2026-06-11 10:59:08.473,Karaoke / restaurant / bar,Ocean Park,10,0,28.6,2.7,0.1,0-10 m,,,,,no,
20.989493,105.9437555,65.0,2026-06-11 11:16:15.198,Silence / quiet ambient,Ocean Park,11,0,29.2,2.2,0.0,10-30 m,,,,,no,
20.9913362,105.9456826,72.9,2026-06-10 14:39:16.990,Transportation noise,Ocean Park,14,0,30.7,6.1,0.0,0-10 m,,,,,no,
20.9916065,105.9451779,74.0,2026-06-11 12:44:13.802,Transportation noise,Ocean Park,12,0,29.6,1.4,0.0,0-10 m,,,,,no,
20.9925672,105.9435401,70.0,2026-06-11 12:48:19.528,Transportation noise,Ocean Park,12,0,29.6,1.4,0.0,0-10 m,,,,,no,
20.9931244,105.9431157,78.0,2026-06-12 12:37:00.502,Transportation noise,Ocean Park,12,0,30.6,8.8,0.0,0-10 m,,,,,no,
20.9933288,105.9425193,75.0,2026-06-12 12:39:25.779,Transportation noise,Ocean Park,12,0,30.6,8.8,0.0,0-10 m,,,,,no,
20.9939294,105.9433461,75.0,2026-06-12 12:42:22.408,Transportation noise,Ocean Park,12,0,30.6,8.8,0.0,0-10 m,,,,,no,
20.9929277,105.9449917,72.3,2026-06-12 12:45:40.819,Transportation noise,Ocean Park,12,0,30.6,8.8,0.0,0-10 m,,,,,no,
20.9925355,105.9447766,73.2,2026-06-12 12:49:27.731,Transportation noise,Ocean Park,12,0,30.6,8.8,0.0,0-10 m,,,,,no,
20.9918007,105.9447047,73.5,2026-06-12 12:52:23.690,Transportation noise,Ocean Park,12,0,30.6,8.8,0.0,0-10 m,,,,,no,
20.9916257,105.9446959,74.0,2026-06-12 12:56:10.273,Transportation noise,Ocean Park,12,0,30.6,8.8,0.0,0-10 m,,,,,no,
20.9916404,105.9441847,77.4,2026-06-12 12:59:23.823,Transportation noise,Ocean Park,12,0,30.6,8.8,0.0,0-10 m,,,,,no,
20.9907658,105.9436568,75.0,2026-06-12 13:03:13.344,Transportation noise,Ocean Park,13,0,31.6,7.7,0.0,0-10 m,,,,,no,
20.9925142,105.9435933,78.0,2026-06-12 13:06:35.638,Vehicle horn / honking,Ocean Park,13,0,31.6,7.7,0.0,0-10 m,,,,,no,
20.9932777,105.9427917,77.0,2026-06-12 13:11:33.929,Motorbike (xe may),Ocean Park,13,0,31.6,7.7,0.0,0-10 m,,,,,no,
20.9932204,105.9431065,79.0,2026-06-12 13:17:44.271,Motorbike (xe may),Ocean Park,13,0,31.6,7.7,0.0,0-10 m,,,,,no,
20.9928586,105.943306,77.0,2026-06-12 13:22:26.771,Vehicle horn / honking,Ocean Park,13,0,31.6,7.7,0.0,0-10 m,,,,,no,
20.9918873,105.9443488,75.0,2026-06-12 14:36:58.549,Motorbike (xe may),Ocean Park,14,0,31.9,9.3,0.0,0-10 m,,,,,no,
20.9911327,105.9461107,71.6,2026-06-12 15:34:34.775,"Construction site (drilling, hammering...)",Ocean Park,15,0,32.0,10.8,0.0,0-10 m,,,,,yes,
20.9909878,105.9464495,74.0,2026-06-12 15:36:28.358,Vehicle horn / honking,Ocean Park,15,0,32.0,10.8,0.0,0-10 m,,,,,no,
20.9907188,105.9467691,73.4,2026-06-12 15:38:03.141,Motorbike (xe may),Ocean Park,15,0,32.0,10.8,0.0,0-10 m,,,,,no,
20.9905366,105.9472068,72.5,2026-06-12 15:39:56.947,Karaoke / restaurant / bar,Ocean Park,15,0,32.0,10.8,0.0,10-30 m,,,,,no,
20.9906763,105.9458541,68.0,2026-06-12 15:39:57.909,"Construction site (drilling, hammering...)",Ocean Park,15,0,32.0,10.8,0.0,0-10 m,,,,,yes,
20.9903892,105.9475232,73.6,2026-06-12 15:41:31.609,Transportation noise,Ocean Park,15,0,32.0,10.8,0.0,0-10 m,,,,,no,
20.9901676,105.9478539,74.0,2026-06-12 15:43:13.787,"Construction site (drilling, hammering...)",Ocean Park,15,0,32.0,10.8,0.0,10-30 m,,,,,yes,
20.9902731,105.9481792,75.5,2026-06-12 15:45:07.318,"Construction site (drilling, hammering...)",Ocean Park,15,0,32.0,10.8,0.0,0-10 m,,,,,yes,
20.9904683,105.9483746,78.0,2026-06-12 15:46:49.229,"Construction site (drilling, hammering...)",Ocean Park,15,0,32.0,10.8,0.0,0-10 m,,,,,yes,
20.9905642,105.9482188,65.0,2026-06-12 15:48:33.408,Silence / quiet ambient,Ocean Park,15,0,32.0,10.8,0.0,0-10 m,,,,,no,
20.9907506,105.947952,62.0,2026-06-12 15:50:15.936,Silence / quiet ambient,Ocean Park,15,0,32.0,10.8,0.0,0-10 m,,,,,no,
20.9909599,105.9477229,72.2,2026-06-12 15:52:09.355,"Construction site (drilling, hammering...)",Ocean Park,15,0,32.0,10.8,0.0,10-30 m,,,,,yes,
20.9910463,105.9475768,70.0,2026-06-12 15:53:37.488,"Construction site (drilling, hammering...)",Ocean Park,15,0,32.0,10.8,0.0,0-10 m,,,,,yes,
20.9913918,105.947469,79.0,2026-06-12 15:55:43.175,"Construction site (drilling, hammering...)",Ocean Park,15,0,32.0,10.8,0.0,10-30 m,,,,,yes,
20.9916807,105.947691,72.0,2026-06-12 15:57:29.306,"Construction site (drilling, hammering...)",Ocean Park,15,0,32.0,10.8,0.0,0-10 m,,,,,yes,
20.9913322,105.9457422,72.0,2026-06-12 15:42:03.240,Transportation noise,Ocean Park,15,0,32.0,10.8,0.0,0-10 m,,,,,no,
20.9913394,105.9445404,71.0,2026-06-12 15:44:40.753,"Construction site (drilling, hammering...)",Ocean Park,15,0,32.0,10.8,0.0,0-10 m,,,,,yes,
20.9906108,105.9440867,69.0,2026-06-12 15:47:20.781,Transportation noise,Ocean Park,15,0,32.0,10.8,0.0,0-10 m,,,,,no,
20.9896921,105.9434284,75.0,2026-06-12 15:49:41.902,Other,Ocean Park,15,0,32.0,10.8,0.0,0-10 m,,,,,no,
20.9914645,105.9480238,61.6,2026-06-12 15:59:18.848,Silence / quiet ambient,Ocean Park,15,0,32.0,10.8,0.0,0-10 m,,,,,no,
20.9887792,105.942801,70.0,2026-06-12 15:52:10.419,Transportation noise,Ocean Park,15,0,32.0,10.8,0.0,0-10 m,,,,,no,
20.9886438,105.9426985,73.0,2026-06-12 15:53:44.741,"Construction site (drilling, hammering...)",Ocean Park,15,0,32.0,10.8,0.0,0-10 m,,,,,yes,
20.9877121,105.9426246,68.0,2026-06-12 15:56:31.404,Silence / quiet ambient,Ocean Park,15,0,32.0,10.8,0.0,0-10 m,,,,,no,
20.9874152,105.942947,63.0,2026-06-12 15:58:19.601,Silence / quiet ambient,Ocean Park,15,0,32.0,10.8,0.0,0-10 m,,,,,no,
20.9913048,105.9479556,65.0,2026-06-12 16:01:01.311,"Construction site (drilling, hammering...)",Ocean Park,16,0,31.9,12.0,0.1,30-60 m,,,,,yes,
20.98851,105.9425421,75.0,2026-06-12 16:01:37.054,Transportation noise,Ocean Park,16,0,31.9,12.0,0.1,0-10 m,,,,,no,
20.9913531,105.9469861,73.0,2026-06-12 16:03:24.658,"Construction site (drilling, hammering...)",Ocean Park,16,0,31.9,12.0,0.1,10-30 m,,,,,yes,
20.9896465,105.9433805,70.0,2026-06-12 16:04:28.919,Transportation noise,Ocean Park,16,0,31.9,12.0,0.1,0-10 m,,,,,no,
20.9914004,105.9465249,66.8,2026-06-12 16:05:44.260,Crowd noise,Ocean Park,16,0,31.9,12.0,0.1,0-10 m,,,,,no,
20.9914102,105.9460907,72.1,2026-06-12 16:07:38.658,Transportation noise,Ocean Park,16,0,31.9,12.0,0.1,0-10 m,,,,,no,
20.9917887,105.9454959,76.0,2026-06-12 16:09:30.826,Transportation noise,Ocean Park,16,0,31.9,12.0,0.1,0-10 m,,,,,no,
20.9921633,105.9456538,61.1,2026-06-12 16:11:52.352,Other,Ocean Park,16,0,31.9,12.0,0.1,10-30 m,,,,,no,
20.991606,105.9456518,78.0,2026-06-12 16:14:35.083,Karaoke / restaurant / bar,Ocean Park,16,0,31.9,12.0,0.1,0-10 m,,,,,no,
20.9929279,105.9451038,72.0,2026-06-17 19:24:36.728,Transportation noise,Ocean Park,19,0,30.3,12.0,0.0,0-2 m (roadside),,,,,No,4.0
20.9924044,105.9439914,73.0,2026-06-17 19:30:14.432,Transportation noise,Ocean Park,19,0,30.3,12.0,0.0,0-2 m (roadside),,,,,No,4.0
20.9935341,105.9431077,70.0,2026-06-17 19:36:14.476,Transportation noise,Ocean Park,19,0,30.3,12.0,0.0,0-2 m (roadside),,,,,No,3.0
20.9942166,105.9432195,72.0,2026-06-17 19:41:37.681,Transportation noise,Ocean Park,19,0,30.3,12.0,0.0,0-2 m (roadside),,,,,No,3.0
20.9941559,105.9422916,65.0,2026-06-17 19:46:00.843,Silence / quiet ambient,Ocean Park,19,0,30.3,12.0,0.0,30-60 m,,,,,No,30.0
20.9941612,105.9423569,65.0,2026-06-17 19:48:53.648,Silence / quiet ambient,Ocean Park,19,0,30.3,12.0,0.0,30-60 m,,,,,No,30.0
20.9935605,105.9425137,71.0,2026-06-17 19:53:20.227,Transportation noise,Ocean Park,19,0,30.3,12.0,0.0,0-2 m (roadside),,,,,No,3.0
20.9934954,105.9423407,73.0,2026-06-17 19:55:19.230,Transportation noise,Ocean Park,19,0,30.3,12.0,0.0,0-2 m (roadside),,,,,No,3.0
20.9935147,105.9423707,68.0,2026-06-17 19:57:39.251,Transportation noise,Ocean Park,19,0,30.3,12.0,0.0,2-10 m,,,,,No,10.0
21.0315071,105.8531408,77.0,2026-06-18 17:09:16.480,Transportation noise,Hoan Kiem lake,17,0,32.5,15.7,0.0,0-2 m (roadside),,,,,No,4.0
21.0315374,105.8512485,76.0,2026-06-18 17:15:25.669,Transportation noise,Hoan Kiem lake,17,0,32.5,15.7,0.0,0-2 m (roadside),,,,,No,4.0
21.0303708,105.8512096,71.0,2026-06-18 17:19:18.454,Transportation noise,Hoan Kiem lake,17,0,32.5,15.7,0.0,2-10 m,,,,,No,10.0
21.0302302,105.8506402,72.0,2026-06-18 17:22:48.962,Transportation noise,Hoan Kiem lake,17,0,32.5,15.7,0.0,0-2 m (roadside),,,,,No,5.0
21.0305353,105.8504813,67.0,2026-06-18 17:25:35.513,Silence / quiet ambient,Hoan Kiem lake,17,0,32.5,15.7,0.0,0-2 m (roadside),,,,,No,4.0
21.0313467,105.8502285,66.0,2026-06-18 17:29:34.893,Transportation noise,Hoan Kiem lake,17,0,32.5,15.7,0.0,0-2 m (roadside),,,,,No,4.0
21.0318961,105.8508263,77.0,2026-06-18 17:32:48.319,Transportation noise,Hoan Kiem lake,17,0,32.5,15.7,0.0,0-2 m (roadside),,,,,No,4.0
21.0321905,105.8504707,80.0,2026-06-18 17:35:47.739,Transportation noise,Hoan Kiem lake,17,0,32.5,15.7,0.0,0-2 m (roadside),,,,,No,2.0
21.0327147,105.8501312,66.0,2026-06-18 17:40:37.934,Silence / quiet ambient,Hoan Kiem lake,17,0,32.5,15.7,0.0,0-2 m (roadside),,,,,No,4.0
21.032978,105.8498583,75.0,2026-06-18 17:43:50.455,Transportation noise,Hoan Kiem lake,17,0,32.5,15.7,0.0,0-2 m (roadside),,,,,No,3.0
21.0323418,105.8481472,78.0,2026-06-18 17:51:35.501,Karaoke / restaurant / bar,Hoan Kiem lake,17,0,32.5,15.7,0.0,0-2 m (roadside),,,,,No,5.0
21.0337208,105.8478983,74.0,2026-06-18 18:00:15.501,Transportation noise,Hoan Kiem lake,18,0,31.2,15.5,0.0,0-2 m (roadside),,,,,No,3.0
21.0341916,105.8472448,74.0,2026-06-18 18:04:30.070,Transportation noise,Hoan Kiem lake,18,0,31.2,15.5,0.0,0-2 m (roadside),,,,,No,3.0
20.9932531,105.9433654,65.0,2026-06-19 14:33:59.947,Silence / quiet ambient,Ocean Park,14,0,32.9,9.9,0.0,10-30 m,,,,,No,30.0
20.9933484,105.944184,65.0,2026-06-19 14:36:53.719,Silence / quiet ambient,Ocean Park,14,0,32.9,9.9,0.0,30-60 m,,,,,No,40.0
20.9928405,105.9443989,63.0,2026-06-19 14:40:29.640,Silence / quiet ambient,Ocean Park,14,0,32.9,9.9,0.0,30-60 m,,,,,No,20.0
20.9942818,105.9454141,67.0,2026-06-19 14:44:58.764,Silence / quiet ambient,Ocean Park,14,0,32.9,9.9,0.0,10-30 m,,,,,No,
20.9960832,105.9489748,68.0,2026-06-19 14:56:20.426,Transportation noise,Ocean Park,14,0,32.9,9.9,0.0,0-2 m (roadside),,,,,No,5.0
20.9957712,105.9484278,69.0,2026-06-19 14:59:02.012,Transportation noise,Ocean Park,14,0,32.9,9.9,0.0,0-2 m (roadside),,,,,No,5.0
20.9927687,105.9458964,65.0,2026-06-19 15:06:59.022,Animal,Ocean Park,15,0,32.9,11.1,0.0,0-2 m (roadside),,,,,No,2.0
20.9925444,105.9457787,61.0,2026-06-19 15:08:43.126,Silence / quiet ambient,Ocean Park,15,0,32.9,11.1,0.0,0-2 m (roadside),,,,,Yes,10.0
20.992341,105.945709,88.0,2026-06-19 15:11:01.718,"Construction site (drilling, hammering...)",Ocean Park,15,0,32.9,11.1,0.0,0-2 m (roadside),,,,,Yes,5.0
20.9922738,105.9456248,82.0,2026-06-19 15:13:26.206,"Construction site (drilling, hammering...)",Ocean Park,15,0,32.9,11.1,0.0,0-2 m (roadside),,,,,Yes,13.0
20.9919804,105.9453974,69.0,2026-06-19 15:15:26.559,"Construction site (drilling, hammering...)",Ocean Park,15,0,32.9,11.1,0.0,2-10 m,,,,,Yes,20.0
20.9920165,105.9458856,63.0,2026-06-19 15:19:16.274,"Construction site (drilling, hammering...)",Ocean Park,15,0,32.9,11.1,0.0,0-2 m (roadside),,,,,Yes,
20.9917063,105.9462787,63.0,2026-06-19 15:24:22.347,Karaoke / restaurant / bar,Ocean Park,15,0,32.9,11.1,0.0,0-2 m (roadside),,,,,Yes,8.0
20.9927589,105.9469455,69.0,2026-06-19 15:28:38.553,"Construction site (drilling, hammering...)",Ocean Park,15,0,32.9,11.1,0.0,0-2 m (roadside),,,,,Yes,
20.9922932,105.9470299,62.0,2026-06-19 15:32:33.755,Silence / quiet ambient,Ocean Park,15,0,32.9,11.1,0.0,0-2 m (roadside),,,,,No,62.0
20.9924136,105.947221,63.0,2026-06-19 15:32:53.061,Silence / quiet ambient,Ocean Park,15,0,32.9,11.1,0.0,0-2 m (roadside),,,,,Yes,5.0
20.9915669,105.9471095,58.0,2026-06-19 15:35:54.625,Silence / quiet ambient,Ocean Park,15,0,32.9,11.1,0.0,10-30 m,,,,,No,
20.9914847,105.9470669,58.0,2026-06-19 15:37:11.299,Silence / quiet ambient,Ocean Park,15,0,32.9,11.1,0.0,10-30 m,,,,,Yes,20.0
20.9915495,105.9472292,56.0,2026-06-19 15:38:09.503,Silence / quiet ambient,Ocean Park,15,0,32.9,11.1,0.0,10-30 m,,,,,No,
20.9916715,105.9475972,58.0,2026-06-19 15:41:36.073,Silence / quiet ambient,Ocean Park,15,0,32.9,11.1,0.0,2-10 m,,,,,Yes,
20.9914972,105.9477186,61.0,2026-06-19 15:44:07.411,Silence / quiet ambient,Ocean Park,15,0,32.9,11.1,0.0,10-30 m,,,,,Yes,
20.9915595,105.9480244,58.0,2026-06-19 15:46:37.415,Silence / quiet ambient,Ocean Park,15,0,32.9,11.1,0.0,2-10 m,,,,,No,
20.9914226,105.9469648,58.0,2026-06-19 15:41:13.088,Silence / quiet ambient,Ocean Park,15,0,32.9,11.1,0.0,2-10 m,,,,,Yes,20.0
20.9911094,105.9473288,77.0,2026-06-19 15:44:11.581,"Construction site (drilling, hammering...)",Ocean Park,15,0,32.9,11.1,0.0,0-2 m (roadside),,,,,Yes,10.0
20.9910953,105.9483086,57.0,2026-06-19 15:50:57.056,Silence / quiet ambient,Ocean Park,15,0,32.9,11.1,0.0,0-2 m (roadside),,,,,No,
20.9911847,105.9474074,65.0,2026-06-19 15:45:45.619,"Construction site (drilling, hammering...)",Ocean Park,15,0,32.9,11.1,0.0,0-2 m (roadside),,,,,Yes,20.0
20.991655,105.9475768,57.0,2026-06-19 15:47:54.329,"Construction site (drilling, hammering...)",Ocean Park,15,0,32.9,11.1,0.0,0-2 m (roadside),1.0,1.0,,2.0,Yes,30.0
20.9915523,105.9478773,57.0,2026-06-19 15:50:44.367,Silence / quiet ambient,Ocean Park,15,0,32.9,11.1,0.0,2-10 m,,,,,Yes,20.0
20.9907807,105.9491024,59.0,2026-06-19 15:56:01.896,Silence / quiet ambient,Ocean Park,15,0,32.9,11.1,0.0,0-2 m (roadside),,,,,No,
20.9920259,105.9473521,56.0,2026-06-19 15:56:03.602,Silence / quiet ambient,Ocean Park,15,0,32.9,11.1,0.0,0-2 m (roadside),,,,,No,20.0
21.0313754,105.8538554,65.0,2026-06-22 05:38:57.784,Silence / quiet ambient,Hoan Kiem lake,5,0,27.6,9.9,0.2,0-2 m (roadside),,,,,No,
21.032054,105.8539235,72.0,2026-06-22 05:41:37.786,Motorbike (xe may),Hoan Kiem lake,5,0,27.6,9.9,0.2,0-2 m (roadside),,,,,No,
21.0328821,105.8538221,74.0,2026-06-22 05:44:50.865,Motorbike (xe may),Hoan Kiem lake,5,0,27.6,9.9,0.2,0-2 m (roadside),,,,,No,
21.0330901,105.8533741,68.0,2026-06-22 05:47:55.529,Silence / quiet ambient,Hoan Kiem lake,5,0,27.6,9.9,0.2,2-10 m,,,,,No,
21.0325001,105.8530046,72.0,2026-06-22 05:50:57.437,Street vendor / hawker,Hoan Kiem lake,5,0,27.6,9.9,0.2,0-2 m (roadside),,,,,No,
21.0322084,105.8527524,70.0,2026-06-22 05:55:21.002,Street vendor / hawker,Hoan Kiem lake,5,0,27.6,9.9,0.2,2-10 m,,,,,No,
21.0328297,105.8520037,66.0,2026-06-22 06:14:21.193,Silence / quiet ambient,Hoan Kiem lake,6,0,27.8,9.2,0.0,0-2 m (roadside),,,,,No,
21.0330554,105.8514482,62.5,2026-06-22 06:16:52.877,Silence / quiet ambient,Hoan Kiem lake,6,0,27.8,9.2,0.0,10-30 m,,,,,No,
21.0331084,105.8513777,72.0,2026-06-22 06:19:45.710,Motorbike (xe may),Hoan Kiem lake,6,0,27.8,9.2,0.0,0-2 m (roadside),,,,,No,
21.0340764,105.850375,75.0,2026-06-22 06:23:21.762,Motorbike (xe may),Hoan Kiem lake,6,0,27.8,9.2,0.0,0-2 m (roadside),,,,,No,
21.033965,105.849246,77.0,2026-06-22 06:26:54.984,Motorbike (xe may),Hoan Kiem lake,6,0,27.8,9.2,0.0,0-2 m (roadside),,,,,No,
21.0333111,105.8478195,65.0,2026-06-22 06:31:16.672,Silence / quiet ambient,Hoan Kiem lake,6,0,27.8,9.2,0.0,0-2 m (roadside),,,,,No,
21.0328451,105.84781,71.0,2026-06-22 06:33:22.271,Transportation noise,Hoan Kiem lake,6,0,27.8,9.2,0.0,0-2 m (roadside),,,,,No,
21.0325183,105.8472714,68.0,2026-06-22 06:35:50.931,Transportation noise,Hoan Kiem lake,6,0,27.8,9.2,0.0,2-10 m,,,,,No,
21.0326797,105.8466033,72.0,2026-06-22 06:39:32.594,Transportation noise,Hoan Kiem lake,6,0,27.8,9.2,0.0,10-30 m,,,,,No,
21.0331654,105.8460811,71.0,2026-06-22 06:42:03.228,Transportation noise,Hoan Kiem lake,6,0,27.8,9.2,0.0,2-10 m,,,,,No,
21.0318273,105.8473927,78.0,2026-06-22 06:49:15.220,Street vendor / hawker,Hoan Kiem lake,6,0,27.8,9.2,0.0,30-60 m,,,,,No,
21.0315003,105.8477594,57.0,2026-06-22 06:52:09.524,Silence / quiet ambient,Hoan Kiem lake,6,0,27.8,9.2,0.0,> 60 m / behind building,,,,,No,
21.0315718,105.8484743,71.0,2026-06-22 06:56:35.168,Motorbike (xe may),Hoan Kiem lake,6,0,27.8,9.2,0.0,0-2 m (roadside),,,,,No,
21.0318,105.8475259,73.0,2026-06-22 06:59:53.648,Street vendor / hawker,Hoan Kiem lake,6,0,27.8,9.2,0.0,30-60 m,,,,,No,
21.0311791,105.8470965,78.3,2026-06-22 07:05:39.987,Transportation noise,Hoan Kiem lake,7,0,28.9,8.1,0.0,0-2 m (roadside),,,,,No,
21.0310332,105.8480572,71.8,2026-06-22 07:10:47.944,Crowd noise,Hoan Kiem lake,7,0,28.9,8.1,0.0,10-30 m,,,,,No,
21.031861,105.8499281,76.0,2026-06-22 07:15:58.006,Transportation noise,Hoan Kiem lake,7,0,28.9,8.1,0.0,0-2 m (roadside),,,,,No,
21.0326789,105.8501893,66.0,2026-06-22 07:19:27.117,Street vendor / hawker,Hoan Kiem lake,7,0,28.9,8.1,0.0,0-2 m (roadside),,,,,No,
21.0325441,105.8505594,79.0,2026-06-22 07:23:11.594,Motorbike (xe may),Hoan Kiem lake,7,0,28.9,8.1,0.0,0-2 m (roadside),,,,,No,
21.0330865,105.852363,71.0,2026-06-22 07:27:03.833,Silence / quiet ambient,Hoan Kiem lake,7,0,28.9,8.1,0.0,0-2 m (roadside),,,,,No,
21.0330594,105.8532376,74.5,2026-06-22 07:30:53.147,Motorbike (xe may),Hoan Kiem lake,7,0,28.9,8.1,0.0,0-2 m (roadside),,,,,No,
21.0324635,105.8538451,78.0,2026-06-22 07:33:52.534,Motorbike (xe may),Hoan Kiem lake,7,0,28.9,8.1,0.0,0-2 m (roadside),,,,,No,
21.0320471,105.8538665,79.0,2026-06-22 07:36:03.809,Motorbike (xe may),Hoan Kiem lake,7,0,28.9,8.1,0.0,2-10 m,,,,,No,
21.031988,105.853163,71.0,2026-06-22 07:41:03.981,Street vendor / hawker,Hoan Kiem lake,7,0,28.9,8.1,0.0,2-10 m,,,,,No,
20.9957163,105.9419416,59.0,2026-06-25 04:19:26.987,Silence / quiet ambient,Ocean Park,4,0,30.1,8.6,0.0,0-2 m (roadside),,,,,No,
20.9961445,105.9490254,55.0,2026-06-25 04:29:18.084,Silence / quiet ambient,Ocean Park,4,0,30.1,8.6,0.0,0-2 m (roadside),,,,,No,
20.9969965,105.9436065,55.0,2026-06-25 04:43:47.384,Silence / quiet ambient,Ocean Park,4,0,30.1,8.6,0.0,0-2 m (roadside),,,,,No,
20.9937734,105.8694603,68.0,2026-06-26 12:58:15.979,Transportation noise,Vinh Tuy area,12,0,31.8,8.3,0.0,0-2 m (roadside),,,,,No,
20.9927748,105.8688747,71.0,2026-06-26 13:02:25.840,Transportation noise,Vinh Tuy area,13,0,30.7,11.1,0.0,0-2 m (roadside),,,,,No,
20.9960124,105.8690297,70.0,2026-06-26 13:15:22.166,Transportation noise,Vinh Tuy area,13,0,30.7,11.1,0.0,0-2 m (roadside),,,,,No,
20.9952906,105.86876,65.0,2026-06-26 13:19:29.136,Transportation noise,Vinh Tuy area,13,0,30.7,11.1,0.0,10-30 m,,,,,No,15.0
20.9950972,105.8686069,63.0,2026-06-26 13:22:40.039,Transportation noise,Vinh Tuy area,13,0,30.7,11.1,0.0,10-30 m,,,,,No,20.0
20.9952157,105.867748,70.0,2026-06-26 13:27:25.534,Transportation noise,Vinh Tuy area,13,0,30.7,11.1,0.0,2-10 m,,,,,No,10.0
20.9967624,105.8688136,69.0,2026-06-26 13:36:52.265,Transportation noise,Vinh Tuy area,13,0,30.7,11.1,0.0,2-10 m,,,,,No,15.0
20.9937909,105.869067,73.0,2026-06-26 13:56:51.349,Transportation noise,Vinh Tuy area,13,0,30.7,11.1,0.0,0-2 m (roadside),,,,,No,3.0
20.9924562,105.943335,47.0,2026-06-27 06:08:28.620,Silence / quiet ambient,Ocean Park,6,1,26.2,9.2,0.1,10-30 m,,,,,No,
20.9920668,105.9427684,54.0,2026-06-27 06:12:45.559,Other,Ocean Park,6,1,26.2,9.2,0.1,2-10 m,,,,,No,
20.9914315,105.9433367,52.0,2026-06-27 06:18:16.254,Crowd noise,Ocean Park,6,1,26.2,9.2,0.1,30-60 m,,,,,No,
20.991044,105.9430564,52.6,2026-06-27 06:20:44.950,Silence / quiet ambient,Ocean Park,6,1,26.2,9.2,0.1,2-10 m,,,,,No,
20.9907965,105.9430806,50.0,2026-06-27 06:24:14.908,Silence / quiet ambient,Ocean Park,6,1,26.2,9.2,0.1,30-60 m,,,,,No,
20.9906565,105.9428503,50.6,2026-06-27 06:26:18.859,Silence / quiet ambient,Ocean Park,6,1,26.2,9.2,0.1,> 60 m / behind building,,,,,No,
20.9900984,105.9425066,54.0,2026-06-27 06:30:32.978,Transportation noise,Ocean Park,6,1,26.2,9.2,0.1,10-30 m,,,,,No,
20.9900261,105.9424772,54.0,2026-06-27 06:40:19.886,Silence / quiet ambient,Ocean Park,6,1,26.2,9.2,0.1,30-60 m,,,,,No,
20.9895286,105.9419432,57.3,2026-06-27 06:43:23.594,Silence / quiet ambient,Ocean Park,6,1,26.2,9.2,0.1,30-60 m,,,,,No,
20.9891501,105.9422023,60.8,2026-06-27 06:50:49.291,Silence / quiet ambient,Ocean Park,6,1,26.2,9.2,0.1,10-30 m,,,,,No,
20.9887756,105.9423143,61.3,2026-06-27 06:55:09.837,Transportation noise,Ocean Park,6,1,26.2,9.2,0.1,2-10 m,,,,,No,
20.9886784,105.9418478,56.0,2026-06-27 07:02:36.964,Silence / quiet ambient,Ocean Park,7,1,27.1,5.8,0.3,2-10 m,,,,,No,
20.9892698,105.9412021,64.3,2026-06-27 07:08:14.375,Transportation noise,Ocean Park,7,1,27.1,5.8,0.3,0-2 m (roadside),,,,,No,
20.9902004,105.9407768,57.0,2026-06-27 07:14:02.399,Silence / quiet ambient,Ocean Park,7,1,27.1,5.8,0.3,10-30 m,,,,,No,
20.9905637,105.9406264,58.7,2026-06-27 07:19:02.550,Silence / quiet ambient,Ocean Park,7,1,27.1,5.8,0.3,30-60 m,,,,,No,
20.9912536,105.9407379,58.6,2026-06-27 07:22:42.015,Silence / quiet ambient,Ocean Park,7,1,27.1,5.8,0.3,2-10 m,,,,,No,
20.9919307,105.9402215,61.2,2026-06-27 07:26:03.227,Motorbike (xe may),Ocean Park,7,1,27.1,5.8,0.3,2-10 m,,,,,No,
20.9923601,105.9397126,56.8,2026-06-27 07:28:42.949,Silence / quiet ambient,Ocean Park,7,1,27.1,5.8,0.3,2-10 m,,,,,No,
20.9929302,105.939933,63.5,2026-06-27 07:32:44.352,"Construction site (drilling, hammering...)",Ocean Park,7,1,27.1,5.8,0.3,0-2 m (roadside),,,,,Yes,
20.993177,105.9404486,58.5,2026-06-27 07:39:06.966,Silence / quiet ambient,Ocean Park,7,1,27.1,5.8,0.3,10-30 m,,,,,Yes,
20.9938366,105.9408708,57.6,2026-06-27 07:46:49.420,Silence / quiet ambient,Ocean Park,7,1,27.1,5.8,0.3,10-30 m,,,,,No,
20.9945089,105.940201,64.5,2026-06-27 07:52:53.904,Transportation noise,Ocean Park,7,1,27.1,5.8,0.3,2-10 m,,,,,No,
20.9946843,105.9395528,58.1,2026-06-27 07:55:48.256,Crowd noise,Ocean Park,7,1,27.1,5.8,0.3,10-30 m,,,,,No,
20.9946416,105.9389921,54.6,2026-06-27 08:01:49.649,Silence / quiet ambient,Ocean Park,8,1,28.6,5.5,0.1,0-2 m (roadside),,,,,No,
20.9939341,105.9386244,51.9,2026-06-27 08:04:09.913,Silence / quiet ambient,Ocean Park,8,1,28.6,5.5,0.1,0-2 m (roadside),,,,,No,
20.9945313,105.9380054,53.4,2026-06-27 08:07:20.998,Silence / quiet ambient,Ocean Park,8,1,28.6,5.5,0.1,0-2 m (roadside),,,,,No,
20.9952576,105.9374622,54.9,2026-06-27 08:10:00.195,Silence / quiet ambient,Ocean Park,8,1,28.6,5.5,0.1,2-10 m,,,,,No,
20.9951023,105.9366317,64.0,2026-06-27 08:13:28.208,Other,Ocean Park,8,1,28.6,5.5,0.1,10-30 m,,,,,No,
20.9958179,105.9376816,60.4,2026-06-27 08:17:48.636,Transportation noise,Ocean Park,8,1,28.6,5.5,0.1,10-30 m,,,,,No,
20.9954609,105.9386378,65.9,2026-06-27 08:22:46.353,Transportation noise,Ocean Park,8,1,28.6,5.5,0.1,0-2 m (roadside),,,,,No,
20.9956823,105.9398749,55.4,2026-06-27 08:27:17.812,Silence / quiet ambient,Ocean Park,8,1,28.6,5.5,0.1,10-30 m,,,,,No,
20.9952403,105.9402162,55.8,2026-06-27 08:29:41.038,Silence / quiet ambient,Ocean Park,8,1,28.6,5.5,0.1,> 60 m / behind building,,,,,No,
20.9949161,105.941121,60.2,2026-06-27 08:33:19.098,Transportation noise,Ocean Park,8,1,28.6,5.5,0.1,2-10 m,,,,,No,
20.9925614,105.9434524,70.0,2026-06-27 20:46:05.679,Transportation noise,Ocean Park,20,1,28.6,6.0,0.0,10-30 m,,,,,No,
20.992997,105.9450372,70.0,2026-06-27 20:56:39.467,Transportation noise,Ocean Park,20,1,28.6,6.0,0.0,2-10 m,,,,,No,
20.9939132,105.8684432,60.0,2026-06-30 10:15:12.755,Other,Vinh Tuy area,10,0,27.6,10.5,0.8,10-30 m,,,,,No,
20.9934096,105.8690581,62.6,2026-06-30 10:19:24.307,Transportation noise,Vinh Tuy area,10,0,27.6,10.5,0.8,2-10 m,,,,,No,
20.9928453,105.8692288,63.9,2026-06-30 10:25:23.874,Motorbike (xe may),Vinh Tuy area,10,0,27.6,10.5,0.8,0-2 m (roadside),,,,,No,
20.9928055,105.8685786,61.0,2026-06-30 10:29:11.229,Transportation noise,Vinh Tuy area,10,0,27.6,10.5,0.8,10-30 m,,,,,No,
20.9922389,105.8680206,57.0,2026-06-30 10:33:54.278,Silence / quiet ambient,Vinh Tuy area,10,0,27.6,10.5,0.8,> 60 m / behind building,,,,,No,
20.9915383,105.8680042,54.4,2026-06-30 10:41:53.735,Crowd noise,Vinh Tuy area,10,0,27.6,10.5,0.8,10-30 m,,,,,No,
20.9915498,105.8686441,59.5,2026-06-30 10:46:55.766,Silence / quiet ambient,Vinh Tuy area,10,0,27.6,10.5,0.8,10-30 m,,,,,No,
20.9919657,105.8694733,59.0,2026-06-30 10:51:36.818,Crowd noise,Vinh Tuy area,10,0,27.6,10.5,0.8,10-30 m,,,,,No,
20.9911294,105.8692779,63.5,2026-06-30 10:55:18.204,Motorbike (xe may),Vinh Tuy area,10,0,27.6,10.5,0.8,0-2 m (roadside),,,,,No,
20.9907511,105.8692426,57.2,2026-06-30 10:58:15.666,Silence / quiet ambient,Vinh Tuy area,10,0,27.6,10.5,0.8,10-30 m,,,,,No,
20.9907467,105.868671,55.0,2026-06-30 11:01:37.220,Silence / quiet ambient,Vinh Tuy area,11,0,28.6,8.6,0.6,> 60 m / behind building,,,,,No,
20.9904907,105.8681132,52.7,2026-06-30 11:04:11.389,Silence / quiet ambient,Vinh Tuy area,11,0,28.6,8.6,0.6,30-60 m,,,,,No,
20.9909943,105.8681918,60.0,2026-06-30 11:07:06.946,Silence / quiet ambient,Vinh Tuy area,11,0,28.6,8.6,0.6,> 60 m / behind building,,,,,No,
20.9910012,105.8686715,65.2,2026-06-30 11:12:23.279,Motorbike (xe may),Vinh Tuy area,11,0,28.6,8.6,0.6,0-2 m (roadside),,,,,No,
20.9923475,105.8693841,56.3,2026-06-30 11:17:03.084,Silence / quiet ambient,Vinh Tuy area,11,0,28.6,8.6,0.6,10-30 m,,,,,No,
20.9925196,105.8699435,59.8,2026-06-30 11:24:15.567,Transportation noise,Vinh Tuy area,11,0,28.6,8.6,0.6,10-30 m,,,,,No,
20.992166,105.8701592,62.0,2026-06-30 11:29:04.766,Animal,Vinh Tuy area,11,0,28.6,8.6,0.6,> 60 m / behind building,,,,,No,
20.9938171,105.8700489,59.8,2026-06-30 11:33:41.004,Transportation noise,Vinh Tuy area,11,0,28.6,8.6,0.6,0-2 m (roadside),,,,,No,
20.9945762,105.8699348,63.0,2026-06-30 11:37:47.859,Other,Vinh Tuy area,11,0,28.6,8.6,0.6,2-10 m,,,,,No,
20.9950725,105.8698895,63.3,2026-06-30 11:41:08.180,Transportation noise,Vinh Tuy area,11,0,28.6,8.6,0.6,2-10 m,,,,,No,
20.9963056,105.8698001,59.9,2026-06-30 11:45:24.926,Transportation noise,Vinh Tuy area,11,0,28.6,8.6,0.6,2-10 m,,,,,No,
20.993996,105.9427573,55.2,2026-06-30 12:21:14.156,Silence / quiet ambient,Ocean Park,12,0,31.0,9.3,0.1,> 60 m / behind building,,,,,No,
20.9944321,105.9421639,56.0,2026-06-30 12:24:24.726,Other,Ocean Park,12,0,31.0,9.3,0.1,> 60 m / behind building,,,,,No,
20.9950416,105.9431429,55.3,2026-06-30 12:28:55.141,Silence / quiet ambient,Ocean Park,12,0,31.0,9.3,0.1,> 60 m / behind building,,,,,No,
20.9949484,105.9432551,52.7,2026-06-30 12:32:37.199,Silence / quiet ambient,Ocean Park,12,0,31.0,9.3,0.1,> 60 m / behind building,,,,,No,
20.9957344,105.9437429,56.2,2026-06-30 12:36:07.647,Silence / quiet ambient,Ocean Park,12,0,31.0,9.3,0.1,10-30 m,,,,,No,
20.9960706,105.9442169,56.9,2026-06-30 12:40:44.785,Silence / quiet ambient,Ocean Park,12,0,31.0,9.3,0.1,2-10 m,,,,,No,
20.9955888,105.9450466,57.6,2026-06-30 12:44:30.259,Silence / quiet ambient,Ocean Park,12,0,31.0,9.3,0.1,30-60 m,,,,,No,
20.9948727,105.9452078,52.5,2026-06-30 12:51:02.226,Silence / quiet ambient,Ocean Park,12,0,31.0,9.3,0.1,> 60 m / behind building,,,,,No,
20.9948149,105.9459571,57.5,2026-06-30 12:54:55.356,Transportation noise,Ocean Park,12,0,31.0,9.3,0.1,2-10 m,,,,,No,
20.9958041,105.9453306,64.3,2026-06-30 12:58:33.699,Transportation noise,Ocean Park,12,0,31.0,9.3,0.1,0-2 m (roadside),,,,,No,
20.9965645,105.9446661,53.8,2026-06-30 13:02:55.323,Silence / quiet ambient,Ocean Park,13,0,30.2,6.5,0.0,10-30 m,,,,,No,
20.9970701,105.9445813,51.4,2026-06-30 13:05:35.738,Silence / quiet ambient,Ocean Park,13,0,30.2,6.5,0.0,10-30 m,,,,,No,
20.9972297,105.9441105,50.0,2026-06-30 13:09:18.134,Transportation noise,Ocean Park,13,0,30.2,6.5,0.0,10-30 m,,,,,No,
20.9958862,105.9429592,53.0,2026-06-30 13:15:59.387,School,Ocean Park,13,0,30.2,6.5,0.0,0-2 m (roadside),,,,,No,
20.9945079,105.9441505,52.5,2026-06-30 13:23:06.972,Silence / quiet ambient,Ocean Park,13,0,30.2,6.5,0.0,10-30 m,,,,,No,
20.9947955,105.9445295,57.3,2026-06-30 13:27:33.373,Transportation noise,Ocean Park,13,0,30.2,6.5,0.0,2-10 m,,,,,No,
21.0306263,105.853194,55.4,2026-07-02 10:12:39.458,Silence / quiet ambient,Hoan Kiem lake,10,0,30.3,7.9,0.3,10-30 m,,,,,No,
21.0300891,105.8532735,58.5,2026-07-02 10:51:08.461,Silence / quiet ambient,Hoan Kiem lake,10,0,30.3,7.9,0.3,10-30 m,,,,,No,
21.0293994,105.853525,62.4,2026-07-02 10:53:26.882,Transportation noise,Hoan Kiem lake,10,0,30.3,7.9,0.3,10-30 m,,,,,No,
21.0287409,105.8534304,66.1,2026-07-02 10:56:17.999,Transportation noise,Hoan Kiem lake,10,0,30.3,7.9,0.3,2-10 m,,,,,No,
21.0276867,105.8534045,66.5,2026-07-02 10:59:58.898,Transportation noise,Hoan Kiem lake,10,0,30.3,7.9,0.3,2-10 m,,,,,No,
21.0266786,105.8532614,65.2,2026-07-02 11:02:51.398,Transportation noise,Hoan Kiem lake,11,0,30.6,8.1,0.2,2-10 m,,,,,No,
21.0260073,105.8528505,64.2,2026-07-02 11:05:41.531,Transportation noise,Hoan Kiem lake,11,0,30.6,8.1,0.2,2-10 m,,,,,No,
21.02619,105.8523118,58.2,2026-07-02 11:08:06.164,Transportation noise,Hoan Kiem lake,11,0,30.6,8.1,0.2,10-30 m,,,,,No,
21.0267572,105.8518015,58.4,2026-07-02 11:10:32.170,Silence / quiet ambient,Hoan Kiem lake,11,0,30.6,8.1,0.2,10-30 m,,,,,No,
21.0273557,105.8515114,60.2,2026-07-02 11:12:39.620,Transportation noise,Hoan Kiem lake,11,0,30.6,8.1,0.2,2-10 m,,,,,No,
21.028077,105.8513964,58.9,2026-07-02 11:15:15.357,Transportation noise,Hoan Kiem lake,11,0,30.6,8.1,0.2,2-10 m,,,,,No,
21.028733,105.8514225,61.6,2026-07-02 11:18:05.712,Transportation noise,Hoan Kiem lake,11,0,30.6,8.1,0.2,2-10 m,,,,,No,
21.0295157,105.851449,60.2,2026-07-02 11:20:49.055,Silence / quiet ambient,Hoan Kiem lake,11,0,30.6,8.1,0.2,2-10 m,,,,,No,
21.0301365,105.8513299,57.9,2026-07-02 11:22:55.914,Silence / quiet ambient,Hoan Kiem lake,11,0,30.6,8.1,0.2,2-10 m,,,,,No,
21.0307518,105.8512439,61.9,2026-07-02 11:25:55.111,Transportation noise,Hoan Kiem lake,11,0,30.6,8.1,0.2,2-10 m,,,,,No,
21.0261813,105.8509063,63.8,2026-07-02 11:40:42.564,Transportation noise,Hoan Kiem lake,11,0,30.6,8.1,0.2,2-10 m,,,,,No,
20.9916824,105.8672025,57.8,2026-07-04 11:35:06.771,Silence / quiet ambient,Vinh Tuy area,11,1,30.2,19.5,0.1,10-30 m,,,,,No,
20.9919006,105.8665498,56.9,2026-07-04 11:37:06.871,Silence / quiet ambient,Vinh Tuy area,11,1,30.2,19.5,0.1,> 60 m / behind building,,,,,No,
20.9922532,105.866306,58.9,2026-07-04 11:41:47.897,Crowd noise,Vinh Tuy area,11,1,30.2,19.5,0.1,> 60 m / behind building,,,,,No,
20.9922186,105.8657931,61.5,2026-07-04 11:45:07.309,Other,Vinh Tuy area,11,1,30.2,19.5,0.1,2-10 m,,,,,No,
20.9926922,105.8660964,58.0,2026-07-04 11:48:10.529,Silence / quiet ambient,Vinh Tuy area,11,1,30.2,19.5,0.1,10-30 m,,,,,No,
20.9926595,105.8666848,56.1,2026-07-04 11:50:52.081,Silence / quiet ambient,Vinh Tuy area,11,1,30.2,19.5,0.1,10-30 m,,,,,No,
20.99274,105.8674269,62.0,2026-07-04 11:53:49.503,Transportation noise,Vinh Tuy area,11,1,30.2,19.5,0.1,2-10 m,,,,,No,
20.9936967,105.8674576,65.8,2026-07-04 11:57:28.237,Transportation noise,Vinh Tuy area,11,1,30.2,19.5,0.1,0-2 m (roadside),,,,,No,
20.9944386,105.8670148,64.0,2026-07-04 12:01:10.350,Transportation noise,Vinh Tuy area,12,1,30.9,18.2,0.2,30-60 m,,,,,No,
20.993185,105.9430051,68.5,2026-07-08 17:44:29.472,Transportation noise,Ocean Park,17,0,27.5,5.1,1.0,2-10 m,,,,,No,
20.9935793,105.9420975,69.5,2026-07-08 17:47:24.723,Motorbike (xe may),Ocean Park,17,0,27.5,5.1,1.0,0-2 m (roadside),,,,,No,
20.9941347,105.9411289,68.9,2026-07-08 17:51:26.879,Transportation noise,Ocean Park,17,0,27.5,5.1,1.0,0-2 m (roadside),,,,,No,
20.9943542,105.9408519,71.7,2026-07-08 17:54:29.516,Transportation noise,Ocean Park,17,0,27.5,5.1,1.0,0-2 m (roadside),,,,,No,
20.9950341,105.9397102,65.6,2026-07-08 17:58:05.926,Transportation noise,Ocean Park,17,0,27.5,5.1,1.0,0-2 m (roadside),,,,,No,
20.9954069,105.9391361,70.5,2026-07-08 18:01:01.884,Motorbike (xe may),Ocean Park,18,0,27.6,4.9,0.3,0-2 m (roadside),,,,,No,
20.9958432,105.9383945,76.0,2026-07-08 18:03:10.915,Transportation noise,Ocean Park,18,0,27.6,4.9,0.3,0-2 m (roadside),,,,,No,
20.9960942,105.9378814,75.6,2026-07-08 18:07:11.047,Transportation noise,Ocean Park,18,0,27.6,4.9,0.3,0-2 m (roadside),,,,,No,
20.996689,105.937299,75.0,2026-07-08 18:09:43.057,Transportation noise,Ocean Park,18,0,27.6,4.9,0.3,0-2 m (roadside),,,,,No,
20.996798,105.9370715,71.5,2026-07-08 18:12:49.699,Transportation noise,Ocean Park,18,0,27.6,4.9,0.3,0-2 m (roadside),,,,,No,
20.9961542,105.9376588,72.0,2026-07-08 18:15:30.896,Motorbike (xe may),Ocean Park,18,0,27.6,4.9,0.3,0-2 m (roadside),,,,,No,
20.9955296,105.9385876,73.0,2026-07-08 18:18:23.998,Motorbike (xe may),Ocean Park,18,0,27.6,4.9,0.3,0-2 m (roadside),,,,,No,
20.9949487,105.939565,63.2,2026-07-08 18:21:24.158,Transportation noise,Ocean Park,18,0,27.6,4.9,0.3,0-2 m (roadside),,,,,No,
20.9943259,105.9406374,66.3,2026-07-08 18:25:08.182,Transportation noise,Ocean Park,18,0,27.6,4.9,0.3,0-2 m (roadside),,,,,No,
20.9939246,105.9413399,69.6,2026-07-08 18:27:46.649,Transportation noise,Ocean Park,18,0,27.6,4.9,0.3,0-2 m (roadside),,,,,No,
20.9935587,105.9420246,69.2,2026-07-08 18:30:41.801,Transportation noise,Ocean Park,18,0,27.6,4.9,0.3,0-2 m (roadside),,,,,No,
20.991589,105.9452856,75.7,2026-07-13 07:17:42.182,Motorbike (xe may),Ocean Park,7,0,28.4,3.6,0.0,0-2 m (roadside),,,,,No,
20.9913787,105.9458149,80.0,2026-07-13 07:25:41.845,Transportation noise,Ocean Park,7,0,28.4,3.6,0.0,0-2 m (roadside),,,,,Yes,
20.9912351,105.946299,71.0,2026-07-13 07:29:21.956,Motorbike (xe may),Ocean Park,7,0,28.4,3.6,0.0,0-2 m (roadside),,,,,No,
20.991821,105.945206,70.5,2026-07-13 07:32:57.959,Transportation noise,Ocean Park,7,0,28.4,3.6,0.0,0-2 m (roadside),,,,,No,
20.9921702,105.9440875,67.0,2026-07-13 07:35:28.074,Transportation noise,Ocean Park,7,0,28.4,3.6,0.0,0-2 m (roadside),,,,,No,
20.992859,105.9430665,68.0,2026-07-13 07:39:00.534,Transportation noise,Ocean Park,7,0,28.4,3.6,0.0,0-2 m (roadside),,,,,No,
20.9931926,105.9427357,68.0,2026-07-13 07:41:49.736,Transportation noise,Ocean Park,7,0,28.4,3.6,0.0,0-2 m (roadside),,,,,No,
20.9936394,105.9419425,69.7,2026-07-13 07:44:46.631,Transportation noise,Ocean Park,7,0,28.4,3.6,0.0,0-2 m (roadside),,,,,No,
20.9941337,105.9411435,68.2,2026-07-13 07:47:58.743,Transportation noise,Ocean Park,7,0,28.4,3.6,0.0,0-2 m (roadside),,,,,No,
20.9946515,105.9404324,70.4,2026-07-13 07:50:54.433,Transportation noise,Ocean Park,7,0,28.4,3.6,0.0,0-2 m (roadside),,,,,No,
20.9950501,105.9396845,68.2,2026-07-13 07:53:27.911,Transportation noise,Ocean Park,7,0,28.4,3.6,0.0,0-2 m (roadside),,,,,No,
20.9953702,105.939088,71.7,2026-07-13 07:56:20.108,Transportation noise,Ocean Park,7,0,28.4,3.6,0.0,0-2 m (roadside),,,,,No,
20.9959095,105.938195,76.1,2026-07-13 07:59:05.854,Transportation noise,Ocean Park,7,0,28.4,3.6,0.0,0-2 m (roadside),,,,,No,
20.9962938,105.9376892,74.4,2026-07-13 08:01:40.695,Transportation noise,Ocean Park,8,0,30.1,3.4,0.0,0-2 m (roadside),,,,,No,
20.9968532,105.9370944,74.1,2026-07-13 08:04:09.385,Transportation noise,Ocean Park,8,0,30.1,3.4,0.0,0-2 m (roadside),,,,,No,
20.9962404,105.9374664,68.5,2026-07-13 08:07:09.391,Transportation noise,Ocean Park,8,0,30.1,3.4,0.0,0-2 m (roadside),,,,,No,
20.99545,105.9386294,67.0,2026-07-13 08:09:41.281,Transportation noise,Ocean Park,8,0,30.1,3.4,0.0,0-2 m (roadside),,,,,No,
20.9950086,105.9394501,66.8,2026-07-13 08:13:15.714,Motorbike (xe may),Ocean Park,8,0,30.1,3.4,0.0,0-2 m (roadside),,,,,No,
20.9942735,105.9405784,70.2,2026-07-13 08:16:06.444,Motorbike (xe may),Ocean Park,8,0,30.1,3.4,0.0,0-2 m (roadside),,,,,No,
20.9938556,105.9414199,72.2,2026-07-13 08:19:45.796,Transportation noise,Ocean Park,8,0,30.1,3.4,0.0,0-2 m (roadside),,,,,No,
20.9937456,105.8676464,66.0,2026-07-13 16:57:44.071,Transportation noise,Vinh Tuy area,16,0,32.9,1.8,0.0,0-2 m (roadside),,,,,No,
20.993879,105.8676515,62.5,2026-07-13 17:00:29.865,Transportation noise,Vinh Tuy area,17,0,32.6,5.7,0.0,0-2 m (roadside),,,,,No,
20.9949977,105.8676479,71.5,2026-07-13 17:03:04.895,Transportation noise,Vinh Tuy area,17,0,32.6,5.7,0.0,0-2 m (roadside),,,,,No,
20.995382,105.8675913,65.0,2026-07-13 17:05:00.714,Transportation noise,Vinh Tuy area,17,0,32.6,5.7,0.0,0-2 m (roadside),,,,,No,
20.9958927,105.8675877,67.3,2026-07-13 17:07:49.175,Transportation noise,Vinh Tuy area,17,0,32.6,5.7,0.0,0-2 m (roadside),,,,,No,
20.9965414,105.8676052,71.9,2026-07-13 17:10:08.615,Transportation noise,Vinh Tuy area,17,0,32.6,5.7,0.0,0-2 m (roadside),,,,,No,
20.9968179,105.8681064,71.8,2026-07-13 17:12:37.879,Motorbike (xe may),Vinh Tuy area,17,0,32.6,5.7,0.0,0-2 m (roadside),,,,,No,
20.9969039,105.868662,72.0,2026-07-13 17:15:12.399,Transportation noise,Vinh Tuy area,17,0,32.6,5.7,0.0,0-2 m (roadside),,,,,No,
20.9963868,105.8690019,69.3,2026-07-13 17:17:45.362,Transportation noise,Vinh Tuy area,17,0,32.6,5.7,0.0,0-2 m (roadside),,,,,No,
20.9956745,105.8690091,67.0,2026-07-13 17:20:41.871,Motorbike (xe may),Vinh Tuy area,17,0,32.6,5.7,0.0,0-2 m (roadside),,,,,No,
20.9949869,105.8690318,71.3,2026-07-13 17:23:58.317,Transportation noise,Vinh Tuy area,17,0,32.6,5.7,0.0,0-2 m (roadside),,,,,No,
20.9938307,105.8690038,69.4,2026-07-13 17:27:41.011,Transportation noise,Vinh Tuy area,17,0,32.6,5.7,0.0,0-2 m (roadside),,,,,No,
20.9927101,105.8688237,65.1,2026-07-13 17:30:28.515,Transportation noise,Vinh Tuy area,17,0,32.6,5.7,0.0,0-2 m (roadside),,,,,No,
20.9937608,105.8674763,65.1,2026-07-13 17:34:58.518,Transportation noise,Vinh Tuy area,17,0,32.6,5.7,0.0,0-2 m (roadside),,,,,No,
20.9945555,105.8674349,66.7,2026-07-13 17:37:26.838,Transportation noise,Vinh Tuy area,17,0,32.6,5.7,0.0,2-10 m,,,,,No,
20.9951029,105.8674385,67.5,2026-07-13 17:39:34.399,Transportation noise,Vinh Tuy area,17,0,32.6,5.7,0.0,0-2 m (roadside),,,,,No,
20.9957902,105.8675075,68.1,2026-07-13 17:41:53.148,Transportation noise,Vinh Tuy area,17,0,32.6,5.7,0.0,0-2 m (roadside),,,,,No,
20.9966061,105.8674236,71.1,2026-07-13 17:44:16.093,Transportation noise,Vinh Tuy area,17,0,32.6,5.7,0.0,0-2 m (roadside),,,,,No,
20.9969003,105.866909,71.2,2026-07-13 17:46:57.383,Motorbike (xe may),Vinh Tuy area,17,0,32.6,5.7,0.0,0-2 m (roadside),,,,,No,
20.996904,105.8667052,71.0,2026-07-13 17:49:19.819,Motorbike (xe may),Vinh Tuy area,17,0,32.6,5.7,0.0,0-2 m (roadside),,,,,No,
20.9970985,105.8674437,76.0,2026-07-13 17:51:58.487,Transportation noise,Vinh Tuy area,17,0,32.6,5.7,0.0,0-2 m (roadside),,,,,No,
20.9976001,105.8674626,71.3,2026-07-13 17:55:09.731,Motorbike (xe may),Vinh Tuy area,17,0,32.6,5.7,0.0,0-2 m (roadside),,,,,No,
21.03101,105.8534013,69.9,2026-07-14 17:11:36.506,Transportation noise,Hoan Kiem lake,17,0,33.0,12.7,0.0,0-2 m (roadside),,,,,No,
21.0315256,105.8531685,69.4,2026-07-14 17:16:51.922,Transportation noise,Hoan Kiem lake,17,0,33.0,12.7,0.0,0-2 m (roadside),,,,,No,
21.0318395,105.8516494,69.3,2026-07-14 17:19:38.935,Motorbike (xe may),Hoan Kiem lake,17,0,33.0,12.7,0.0,0-2 m (roadside),,,,,No,
21.031117,105.8510387,69.1,2026-07-14 17:22:43.331,Motorbike (xe may),Hoan Kiem lake,17,0,33.0,12.7,0.0,0-2 m (roadside),,,,,No,
21.0301519,105.8512051,73.3,2026-07-14 17:25:49.983,Transportation noise,Hoan Kiem lake,17,0,33.0,12.7,0.0,0-2 m (roadside),,,,,No,
21.0292691,105.8513785,69.2,2026-07-14 17:28:56.452,Motorbike (xe may),Hoan Kiem lake,17,0,33.0,12.7,0.0,0-2 m (roadside),,,,,No,
21.0284094,105.8513147,68.9,2026-07-14 17:31:48.318,Transportation noise,Hoan Kiem lake,17,0,33.0,12.7,0.0,0-2 m (roadside),,,,,No,
21.0278407,105.8511769,73.5,2026-07-14 17:33:34.507,Transportation noise,Hoan Kiem lake,17,0,33.0,12.7,0.0,0-2 m (roadside),,,,,No,
21.0270147,105.8513245,71.3,2026-07-14 17:36:28.391,Motorbike (xe may),Hoan Kiem lake,17,0,33.0,12.7,0.0,0-2 m (roadside),,,,,No,
21.02607,105.8510988,73.4,2026-07-14 17:39:42.352,Motorbike (xe may),Hoan Kiem lake,17,0,33.0,12.7,0.0,0-2 m (roadside),,,,,No,
21.025862,105.852141,73.7,2026-07-14 17:43:05.324,Transportation noise,Hoan Kiem lake,17,0,33.0,12.7,0.0,0-2 m (roadside),,,,,No,
21.0260582,105.8532332,71.2,2026-07-14 17:46:05.443,Motorbike (xe may),Hoan Kiem lake,17,0,33.0,12.7,0.0,0-2 m (roadside),,,,,No,
21.0269899,105.8534603,71.5,2026-07-14 17:48:53.494,Transportation noise,Hoan Kiem lake,17,0,33.0,12.7,0.0,0-2 m (roadside),,,,,No,
21.0274988,105.8535148,74.8,2026-07-14 17:51:38.070,Transportation noise,Hoan Kiem lake,17,0,33.0,12.7,0.0,0-2 m (roadside),,,,,No,
21.0280751,105.8536285,73.2,2026-07-14 17:54:12.347,Motorbike (xe may),Hoan Kiem lake,17,0,33.0,12.7,0.0,0-2 m (roadside),,,,,No,
21.0284055,105.8536455,71.6,2026-07-14 17:56:23.124,Transportation noise,Hoan Kiem lake,17,0,33.0,12.7,0.0,0-2 m (roadside),,,,,No,
21.0290339,105.8537611,70.4,2026-07-14 17:58:17.318,Transportation noise,Hoan Kiem lake,17,0,33.0,12.7,0.0,0-2 m (roadside),,,,,No,
21.029553,105.8537737,72.3,2026-07-14 18:00:06.242,Transportation noise,Hoan Kiem lake,18,0,31.4,11.2,0.0,0-2 m (roadside),,,,,No,
21.030056,105.853776,73.1,2026-07-14 18:01:48.835,Transportation noise,Hoan Kiem lake,18,0,31.4,11.2,0.0,0-2 m (roadside),,,,,No,
21.0302422,105.853856,72.4,2026-07-14 18:03:41.613,Transportation noise,Hoan Kiem lake,18,0,31.4,11.2,0.0,0-2 m (roadside),,,,,No,
20.9972234,105.867874,68.4,2026-07-21 08:00:28.709,Transportation noise,Vinh Tuy area,8,0,29.5,5.2,0.0,0-2 m (roadside),,,,,No,
20.9968423,105.8679785,70.7,2026-07-21 08:05:17.386,Transportation noise,Vinh Tuy area,8,0,29.5,5.2,0.0,0-2 m (roadside),,,,,No,
20.9968607,105.8686579,70.1,2026-07-21 08:07:42.305,Transportation noise,Vinh Tuy area,8,0,29.5,5.2,0.0,0-2 m (roadside),,,,,No,
20.9968214,105.8688592,70.6,2026-07-21 08:10:31.350,Transportation noise,Vinh Tuy area,8,0,29.5,5.2,0.0,0-2 m (roadside),,,,,No,
20.9962928,105.8690571,70.4,2026-07-21 08:12:44.418,Transportation noise,Vinh Tuy area,8,0,29.5,5.2,0.0,0-2 m (roadside),,,,,No,
20.9955453,105.8690239,63.8,2026-07-21 08:14:55.759,Transportation noise,Vinh Tuy area,8,0,29.5,5.2,0.0,0-2 m (roadside),,,,,No,
20.9947588,105.8689656,67.1,2026-07-21 08:17:12.494,Transportation noise,Vinh Tuy area,8,0,29.5,5.2,0.0,0-2 m (roadside),,,,,No,
20.9936143,105.8689799,62.3,2026-07-21 08:19:31.093,Transportation noise,Vinh Tuy area,8,0,29.5,5.2,0.0,0-2 m (roadside),,,,,No,
20.9932466,105.8689138,61.3,2026-07-21 08:21:52.898,Transportation noise,Vinh Tuy area,8,0,29.5,5.2,0.0,0-2 m (roadside),,,,,No,
20.9935401,105.8675311,66.9,2026-07-21 08:24:35.721,Transportation noise,Vinh Tuy area,8,0,29.5,5.2,0.0,0-2 m (roadside),,,,,No,
20.9943679,105.8674669,68.5,2026-07-21 08:28:13.702,Transportation noise,Vinh Tuy area,8,0,29.5,5.2,0.0,0-2 m (roadside),,,,,No,
20.9950471,105.8674671,71.2,2026-07-21 08:29:55.911,Transportation noise,Vinh Tuy area,8,0,29.5,5.2,0.0,0-2 m (roadside),,,,,No,
20.9953254,105.8674604,70.6,2026-07-21 08:31:59.252,Transportation noise,Vinh Tuy area,8,0,29.5,5.2,0.0,0-2 m (roadside),,,,,No,
20.9959921,105.8674698,64.0,2026-07-21 08:33:58.128,Transportation noise,Vinh Tuy area,8,0,29.5,5.2,0.0,0-2 m (roadside),,,,,No,
20.9965529,105.8674519,67.9,2026-07-21 08:36:11.113,Motorbike (xe may),Vinh Tuy area,8,0,29.5,5.2,0.0,0-2 m (roadside),,,,,No,
20.9969639,105.866882,67.6,2026-07-21 08:39:38.815,Motorbike (xe may),Vinh Tuy area,8,0,29.5,5.2,0.0,0-2 m (roadside),,,,,No,
20.9968633,105.8664859,66.4,2026-07-21 08:41:55.256,Transportation noise,Vinh Tuy area,8,0,29.5,5.2,0.0,0-2 m (roadside),,,,,No,
20.9970131,105.8674538,75.9,2026-07-21 08:44:11.030,Transportation noise,Vinh Tuy area,8,0,29.5,5.2,0.0,0-2 m (roadside),,,,,No,
20.9975879,105.8674679,73.9,2026-07-21 08:46:29.045,Motorbike (xe may),Vinh Tuy area,8,0,29.5,5.2,0.0,0-2 m (roadside),,,,,No,
20.9968354,105.8678828,72.9,2026-07-21 08:50:15.032,Transportation noise,Vinh Tuy area,8,0,29.5,5.2,0.0,0-2 m (roadside),,,,,No,
21.0309468,105.8533882,65.1,2026-07-22 06:57:41.319,Transportation noise,Hoan Kiem lake,6,0,26.7,6.7,0.0,0-2 m (roadside),,,,,No,
21.0314689,105.8531672,61.7,2026-07-22 06:59:54.209,Transportation noise,Hoan Kiem lake,6,0,26.7,6.7,0.0,0-2 m (roadside),,,,,No,
21.0316732,105.8526574,64.2,2026-07-22 07:01:54.777,Transportation noise,Hoan Kiem lake,7,0,28.1,4.1,0.0,0-2 m (roadside),,,,,No,
21.0317806,105.8518444,64.7,2026-07-22 07:03:31.974,Transportation noise,Hoan Kiem lake,7,0,28.1,4.1,0.0,0-2 m (roadside),,,,,No,
21.0316285,105.8512748,62.1,2026-07-22 07:05:52.070,Silence / quiet ambient,Hoan Kiem lake,7,0,28.1,4.1,0.0,0-2 m (roadside),,,,,No,
21.0311958,105.8509903,67.2,2026-07-22 07:07:52.041,Transportation noise,Hoan Kiem lake,7,0,28.1,4.1,0.0,0-2 m (roadside),,,,,No,
21.0306905,105.8510336,67.6,2026-07-22 07:09:47.298,Transportation noise,Hoan Kiem lake,7,0,28.1,4.1,0.0,0-2 m (roadside),,,,,No,
21.0301179,105.8511728,67.9,2026-07-22 07:11:27.142,Transportation noise,Hoan Kiem lake,7,0,28.1,4.1,0.0,0-2 m (roadside),,,,,No,
21.0295055,105.8513262,68.3,2026-07-22 07:13:46.645,Karaoke / restaurant / bar,Hoan Kiem lake,7,0,28.1,4.1,0.0,0-2 m (roadside),,,,,No,
21.0289164,105.851399,64.6,2026-07-22 07:15:28.098,Transportation noise,Hoan Kiem lake,7,0,28.1,4.1,0.0,0-2 m (roadside),,,,,No,
21.0283814,105.8512882,75.1,2026-07-22 07:17:29.921,Karaoke / restaurant / bar,Hoan Kiem lake,7,0,28.1,4.1,0.0,0-2 m (roadside),,,,,No,
21.0275665,105.851119,70.1,2026-07-22 07:19:44.705,Transportation noise,Hoan Kiem lake,7,0,28.1,4.1,0.0,0-2 m (roadside),,,,,No,
21.0269312,105.8513285,78.7,2026-07-22 07:22:06.562,Transportation noise,Hoan Kiem lake,7,0,28.1,4.1,0.0,0-2 m (roadside),,,,,No,
21.0264563,105.8514711,65.8,2026-07-22 07:23:54.713,Motorbike (xe may),Hoan Kiem lake,7,0,28.1,4.1,0.0,0-2 m (roadside),,,,,No,
21.0259918,105.8519095,69.7,2026-07-22 07:26:09.781,Transportation noise,Hoan Kiem lake,7,0,28.1,4.1,0.0,0-2 m (roadside),,,,,No,
21.0258919,105.8532079,68.8,2026-07-22 07:28:48.675,Transportation noise,Hoan Kiem lake,7,0,28.1,4.1,0.0,0-2 m (roadside),,,,,No,
21.0267797,105.853416,62.7,2026-07-22 07:32:19.406,Transportation noise,Hoan Kiem lake,7,0,28.1,4.1,0.0,0-2 m (roadside),,,,,No,
21.0276535,105.8535032,71.0,2026-07-22 07:34:36.966,Transportation noise,Hoan Kiem lake,7,0,28.1,4.1,0.0,0-2 m (roadside),,,,,No,
21.0285023,105.8536946,68.9,2026-07-22 07:36:37.007,Transportation noise,Hoan Kiem lake,7,0,28.1,4.1,0.0,0-2 m (roadside),,,,,No,
21.0292394,105.8537639,70.4,2026-07-22 07:38:54.399,Transportation noise,Hoan Kiem lake,7,0,28.1,4.1,0.0,0-2 m (roadside),,,,,No,
